ISBN,Title,Author,CopiesTotal,CopiesAvailable
9781491950296,Fluent Python,Luciano Ramalho,3,3
9780134685991,Effective Java,Joshua Bloch,2,2
9780596007126,Head First Design Patterns,Eric Freeman,4,4
9780201616224,The Pragmatic Programmer,Andy Hunt,3,3
9780131103627,The C Programming Language,Brian W. Kernighan,5,1
9780132350852,Introduction to Java Programming ,DJ Eck ,8,8
9780262033848,Easy way to code ,Thomas H. Carmen,5,1
12356894521,The programming Languages ,Sydeny J. Karl ,5,7
12345678901234,Test BOOK,Test Author,5,5
