MemberID,Name,PasswordHash,Email,JoinDate
1001,Ananya Singh,,ananya@mail.com,2025-05-10
1002,Ravi Kumar,,ravi@mail.com,2025-05-11
1003,Priya Verma,,priya@mail.com,2025-05-12
1004,Arjun Das,,arjun@mail.com,2025-05-12
1005,Meena Iyer,,meena@mail.com,2025-05-13,,$2b$12$uMnIUy6ubMUSEE03jcU9m.5bZvchOUt50WdZH4acXdRmIKn4JMNhO,,2025-05-14
1006,Bhuvana,$2b$12$RRwiIox43c5GN1xnaNjNP.jkEv87F.iLb3gSWTZqeyQwfQTEfK97G,bhuvana24@gmail.com,2025-05-14
1007,Revi,$2b$12$ozGdwdLdkog.hsvswbapheEQJF4C8o4caotZEF.Nbi0rTzGQ5DWRq,revi24@gmail.com,2025-05-15
1008,Test User1,$2b$12$aJNNL7imLv43xF1fyE0Y1.tekC.iaXXl4NJ3JWWJC2ylLhrya5HIe,testuser1@email.com,2025-05-15
1009,Leyla,$2b$12$S5uxeNCa/ET1BEl1f0fPm.AGKCVmn5UmX5wOyT95EzKEIoN7louoy,leylalove2@gmail.com,2025-05-15
1010,Maha,$2b$12$PUB7tCQUGs1BRioifYhx4unrTGkqfK.gBzLPVjnM1Wp5NQRuqKaQ6,Mahaalak@gmail.com,2025-05-15
1011,Test User1,$2b$12$h5nzrxPZiRCM0RDcBLSaC.IA2bG6ZhP7opdJdJSNX0sknX0jYguIW,testuser1@email.com,2025-05-15
